{
    "camera_matrix": [[677.71579324, 0, 480.14213409], [0, 678.04124982, 354.68169193], [0,0,1]],
    "dist_coeffs": [0.02586765, -0.06155354,  0.00299712, -0.00249885,  0.02478481]
  }
  